title,url,summary,importance_score,sentiment
Heavy rain in Spain ends four years of drought,https://www.reddit.com/r/climatechange/comments/1jafrl9/heavy_rain_in_spain_ends_four_years_of_drought/,Heavy rain in Spain has put an end to a four-year drought.,1,Negative
Scientists brought to tears by huge loss of U.S. butterflies,https://www.reddit.com/r/climatechange/comments/1j6s9et/scientists_brought_to_tears_by_huge_loss_of_us/,Scientists are deeply saddened by the significant decline in butterfly populations in the United States.,2,Positive
"Trump job cuts — The NOAA on Tuesday began plans to lay off 10% of the current 10,290 work force — After this upcoming round of cuts, NOAA will have eliminated about 1 out of 4 jobs since Trump took office in January — Former NOAA Administrator Rick Spinrad: “It is the first steps toward eradication",https://www.reddit.com/r/climatechange/comments/1ja6i3x/trump_job_cuts_the_noaa_on_tuesday_began_plans_to/,"The article discusses job cuts at the National Oceanic and Atmospheric Administration (NOAA) initiated by the Trump administration, with plans to lay off 10% of its workforce. This would result in a total of about 1 out of 4 jobs being eliminated since Trump took office. Former NOAA Administrator Rick Spinrad expressed concerns about these cuts as being the first steps toward eradication of the agency.",1,Positive
Trump pushes to cut down protected US trees,https://www.reddit.com/r/climatechange/comments/1j5edxu/trump_pushes_to_cut_down_protected_us_trees/,The title summarizes that former President Trump is advocating for the reduction of protected trees in the United States.,2,Negative
Electric Construction Equipment Promises a Quiet Revolution,https://www.reddit.com/r/climatechange/comments/1jajlq9/electric_construction_equipment_promises_a_quiet/,The title suggests that electric construction equipment is expected to bring about a significant change in the industry by providing a quieter and more environmentally friendly alternative to traditional equipment.,3,Negative
The world has probably passed “peak air pollution”,https://www.reddit.com/r/climatechange/comments/1j9v98l/the_world_has_probably_passed_peak_air_pollution/,The global level of air pollution has likely reached its highest point and is now declining.,3,Negative
Secretary Hegseth says the DOD does not do 'climate change crap',https://www.reddit.com/r/climatechange/comments/1j87bml/secretary_hegseth_says_the_dod_does_not_do/,Secretary Hegseth states that the Department of Defense (DOD) does not prioritize or engage in activities related to climate change.,7,Negative
"People are planting lots of trees in the hope that it will help slow climate change, but it turns out it works better if they don't plant the same trees at all.",https://www.reddit.com/r/climatechange/comments/1ja4t5o/people_are_planting_lots_of_trees_in_the_hope/,Planting diverse trees is more effective for slowing climate change compared to planting the same type of trees repeatedly.,7,Positive
'Goal is destruction': Fired Calif. NOAA scientists warn of dire global consequences,https://www.reddit.com/r/climatechange/comments/1j5qn1s/goal_is_destruction_fired_calif_noaa_scientists/,Former NOAA scientists from California have been terminated and are warning of severe global consequences due to the destruction caused by their dismissals.,2,Negative
"Practical, Scientifically-Backed Solutions for Climate Change: What Can We Do Now?",https://www.reddit.com/r/climatechange/comments/1ja6sy1/practical_scientificallybacked_solutions_for/,The title discusses practical and scientifically supported strategies to address climate change and emphasizes the need for immediate action.,7,Negative
EPA Launches Biggest Deregulatory Action in U.S. History | US EPA,https://www.reddit.com/r/climatechange/comments/1j9ucit/epa_launches_biggest_deregulatory_action_in_us/,The EPA has initiated its largest deregulatory action in U.S. history.,1,Positive
"EPA head says he'll roll back dozens of environmental regulations, including rules on climate change",https://www.reddit.com/r/climatechange/comments/1ja6nhx/epa_head_says_hell_roll_back_dozens_of/,"The EPA administrator plans to revoke numerous environmental regulations, including those related to climate change.",9,Negative
"In Feb 2025, with respect to the Earth's surface area that is generally limited to 45ºS to 75ºN, the percentage of the area with a record-warm monthly mean temperature was 3,451.7 times the percentage of the area with a record-cold monthly mean temp in the 1951–2025 record, according to NOAA data",https://www.reddit.com/r/climatechange/comments/1j9znvw/in_feb_2025_with_respect_to_the_earths_surface/,"In February 2025, NOAA data shows that the percentage of Earth's surface area with record-warm monthly temperatures was significantly higher compared to the percentage with record-cold monthly temperatures, specifically 3,451.7 times higher, for the region between 45ºS to 75ºN.",3,Negative
"In a historic first, wind and solar combined overtake coal in the US",https://www.reddit.com/r/climatechange/comments/1j9ixjf/in_a_historic_first_wind_and_solar_combined/,Wind and solar energy have surpassed coal energy production in the United States for the first time in history.,8,Positive
"Americans Have Become More Aware That Climate Change Is Harmful to Their Health, Survey Says",https://www.reddit.com/r/climatechange/comments/1j9dkpv/americans_have_become_more_aware_that_climate/,A survey indicates that Americans are increasingly recognizing the negative impact of climate change on their health.,7,Positive
How future climate conditions will transform plant growth,https://www.reddit.com/r/climatechange/comments/1j9s0yg/how_future_climate_conditions_will_transform/,The title suggests that it will explore how changes in climate will impact plant growth in the future.,6,Negative
Should Americans actually be blamed for not riding trains if there are no viable trains to take?,https://www.reddit.com/r/climatechange/comments/1j9n3yf/should_americans_actually_be_blamed_for_not/,This title questions whether Americans should be held responsible for not using trains when there are limited or inadequate train options available.,1,Negative
US farmers switch to renting out sheep as lawn mowers for solar sites,https://www.reddit.com/r/climatechange/comments/1j8uppu/us_farmers_switch_to_renting_out_sheep_as_lawn/,American farmers are now renting out sheep to maintain vegetation at solar energy sites instead of using traditional lawn mowers.,5,Negative
Rainforest for highway,https://www.reddit.com/r/climatechange/comments/1j9mhih/rainforest_for_highway/,The title suggests the potential impact of building a highway through a rainforest.,1,Negative
"Gasoline sales in China averaged 13.2 million tons a month in 2024, down 9% from 2023 levels",https://www.reddit.com/r/climatechange/comments/1j8uddx/gasoline_sales_in_china_averaged_132_million_tons/,"Gasoline sales in China decreased by 9% in 2024 compared to 2023, averaging 13.2 million tons per month.",2,Negative
Trump executive orders to increase logging in national forests,https://www.reddit.com/r/climatechange/comments/1j8l2kc/trump_executive_orders_to_increase_logging_in/,The title discusses President Trump's executive orders aimed at expanding logging activities in national forests.,3,Negative
What will be the safest place to live in the coming years due to climate change?,https://www.reddit.com/r/climatechange/comments/1j821qd/what_will_be_the_safest_place_to_live_in_the/,Identifying the safest location to reside in the future as a result of climate change.,5,Positive
US exits $9.3 billion climate deal with developing nations – DW,https://www.reddit.com/r/climatechange/comments/1j52ju0/us_exits_93_billion_climate_deal_with_developing/,The United States withdraws from a $9.3 billion climate agreement with developing countries.,5,Negative
"New spiral graph shows that the ERA5 1940-2024 daily global mean temp relative to 1850-1900 exceeded +1.75ºC for the first time in Feb 2016 — Calculations based on ERA5 data show that on day 24, the daily temp was +1.77ºC relative to the Feb 24, 1850-1900 average and reached +1.89ºC on Feb 28, 2016",https://www.reddit.com/r/climatechange/comments/1j8d5hz/new_spiral_graph_shows_that_the_era5_19402024/,"A new spiral graph indicates that the ERA5 daily global mean temperature, compared to the 1850-1900 average, exceeded +1.75ºC for the first time in February 2016. Calculations based on ERA5 data reveal that on February 24, 2016, the temperature reached +1.77ºC relative to the 1850-1900 average, and peaked at +1.89ºC on February 28, 2016.",2,Negative
U.S. Climate Aid Cuts to Leave Huge Gap in Global Funding,https://www.reddit.com/r/climatechange/comments/1j801al/us_climate_aid_cuts_to_leave_huge_gap_in_global/,Reduction in U.S. climate aid will lead to a significant shortfall in global funding.,5,Positive
Is coff-999 a lie?,https://www.reddit.com/r/climatechange/comments/1j94l0w/is_coff999_a_lie/,"The title questions the truthfulness of ""coff-999.""",1,Negative
Solar adds more new capacity to the US grid in 2024 than any energy source in 20 years,https://www.reddit.com/r/climatechange/comments/1j8s33w/solar_adds_more_new_capacity_to_the_us_grid_in/,"In 2024, solar energy is projected to contribute the most new capacity to the US grid compared to any other energy source in the past two decades.",4,Positive
"Besides reaching net zero, could we go carbon negative? And would that save us?",https://www.reddit.com/r/climatechange/comments/1j93767/besides_reaching_net_zero_could_we_go_carbon/,"The title discusses the possibility of going beyond reaching net zero emissions to achieve carbon negativity, and explores whether this could be a beneficial solution.",2,Negative
Trump pushes to cut down protected US trees,https://www.reddit.com/r/climatechange/comments/1j5edxu/trump_pushes_to_cut_down_protected_us_trees/,The title describes President Trump's efforts to reduce protections for trees in the United States.,1,Negative
Electric Construction Equipment Promises a Quiet Revolution,https://www.reddit.com/r/climatechange/comments/1jajlq9/electric_construction_equipment_promises_a_quiet/,The title suggests that electric construction equipment is expected to bring about a significant change in the industry by offering a quieter and more sustainable alternative to traditional construction machinery.,1,Negative
The world has probably passed “peak air pollution”,https://www.reddit.com/r/climatechange/comments/1j9v98l/the_world_has_probably_passed_peak_air_pollution/,The world has likely reached its highest point of air pollution.,3,Negative
Secretary Hegseth says the DOD does not do 'climate change crap',https://www.reddit.com/r/climatechange/comments/1j87bml/secretary_hegseth_says_the_dod_does_not_do/,Secretary Hegseth dismisses the concept of addressing climate change within the Department of Defense.,6,Negative
"People are planting lots of trees in the hope that it will help slow climate change, but it turns out it works better if they don't plant the same trees at all.",https://www.reddit.com/r/climatechange/comments/1ja4t5o/people_are_planting_lots_of_trees_in_the_hope/,Planting a variety of trees is more effective in slowing climate change than planting the same type of tree repeatedly.,6,Positive
'Goal is destruction': Fired Calif. NOAA scientists warn of dire global consequences,https://www.reddit.com/r/climatechange/comments/1j5qn1s/goal_is_destruction_fired_calif_noaa_scientists/,Fired NOAA scientists from California warn of global consequences due to destructive goals.,3,Negative
"Practical, Scientifically-Backed Solutions for Climate Change: What Can We Do Now?",https://www.reddit.com/r/climatechange/comments/1ja6sy1/practical_scientificallybacked_solutions_for/,This title discusses practical and scientifically-supported strategies for addressing climate change and explores actions that can be taken immediately.,5,Negative
EPA Launches Biggest Deregulatory Action in U.S. History | US EPA,https://www.reddit.com/r/climatechange/comments/1j9ucit/epa_launches_biggest_deregulatory_action_in_us/,The EPA has initiated the largest deregulatory action in U.S. history.,2,Positive
"EPA head says he'll roll back dozens of environmental regulations, including rules on climate change",https://www.reddit.com/r/climatechange/comments/1ja6nhx/epa_head_says_hell_roll_back_dozens_of/,"The head of the EPA plans to repeal numerous environmental regulations, including those related to climate change.",8,Negative
"In Feb 2025, with respect to the Earth's surface area that is generally limited to 45ºS to 75ºN, the percentage of the area with a record-warm monthly mean temperature was 3,451.7 times the percentage of the area with a record-cold monthly mean temp in the 1951–2025 record, according to NOAA data",https://www.reddit.com/r/climatechange/comments/1j9znvw/in_feb_2025_with_respect_to_the_earths_surface/,"In February 2025, NOAA data shows that a significantly larger percentage of the Earth's surface area experienced record-warm monthly mean temperatures compared to record-cold temperatures between 1951-2025.",2,Negative
"In a historic first, wind and solar combined overtake coal in the US",https://www.reddit.com/r/climatechange/comments/1j9ixjf/in_a_historic_first_wind_and_solar_combined/,Wind and solar energy sources have surpassed coal in the United States for the first time in history.,9,Positive
"Americans Have Become More Aware That Climate Change Is Harmful to Their Health, Survey Says",https://www.reddit.com/r/climatechange/comments/1j9dkpv/americans_have_become_more_aware_that_climate/,A survey indicates that Americans are increasingly recognizing the negative impacts of climate change on their health.,7,Positive
How future climate conditions will transform plant growth,https://www.reddit.com/r/climatechange/comments/1j9s0yg/how_future_climate_conditions_will_transform/,This title discusses the impact of future climate conditions on plant growth and how it will transform their growth patterns.,7,Negative
Should Americans actually be blamed for not riding trains if there are no viable trains to take?,https://www.reddit.com/r/climatechange/comments/1j9n3yf/should_americans_actually_be_blamed_for_not/,This title questions whether Americans should be blamed for not using trains if there are no accessible train options available.,1,Negative
US farmers switch to renting out sheep as lawn mowers for solar sites,https://www.reddit.com/r/climatechange/comments/1j8uppu/us_farmers_switch_to_renting_out_sheep_as_lawn/,American farmers are now renting out sheep to graze on solar sites to help maintain the grassland.,4,Negative
Rainforest for highway,https://www.reddit.com/r/climatechange/comments/1j9mhih/rainforest_for_highway/,The title suggests the construction of a highway through a rainforest.,2,Negative
"Gasoline sales in China averaged 13.2 million tons a month in 2024, down 9% from 2023 levels",https://www.reddit.com/r/climatechange/comments/1j8uddx/gasoline_sales_in_china_averaged_132_million_tons/,"Gasoline sales in China decreased by 9% in 2024 compared to 2023, averaging 13.2 million tons per month.",2,Negative
Trump executive orders to increase logging in national forests,https://www.reddit.com/r/climatechange/comments/1j8l2kc/trump_executive_orders_to_increase_logging_in/,The title outlines that executive orders by Trump aim to boost logging activities within national forests.,2,Negative
What will be the safest place to live in the coming years due to climate change?,https://www.reddit.com/r/climatechange/comments/1j821qd/what_will_be_the_safest_place_to_live_in_the/,Identifying the safest place to live in the future considering climate change.,7,Positive
US exits $9.3 billion climate deal with developing nations – DW,https://www.reddit.com/r/climatechange/comments/1j52ju0/us_exits_93_billion_climate_deal_with_developing/,The United States withdraws from a $9.3 billion climate agreement with developing countries.,5,Negative
"New spiral graph shows that the ERA5 1940-2024 daily global mean temp relative to 1850-1900 exceeded +1.75ºC for the first time in Feb 2016 — Calculations based on ERA5 data show that on day 24, the daily temp was +1.77ºC relative to the Feb 24, 1850-1900 average and reached +1.89ºC on Feb 28, 2016",https://www.reddit.com/r/climatechange/comments/1j8d5hz/new_spiral_graph_shows_that_the_era5_19402024/,"A new spiral graph reveals that the ERA5 daily global mean temperature relative to 1850-1900 exceeded +1.75ºC for the first time in Feb 2016, with temperatures reaching +1.77ºC on Feb 24 and +1.89ºC on Feb 28, 2016 based on ERA5 data calculations.",1,Negative
U.S. Climate Aid Cuts to Leave Huge Gap in Global Funding,https://www.reddit.com/r/climatechange/comments/1j801al/us_climate_aid_cuts_to_leave_huge_gap_in_global/,"The United States is cutting its climate aid, which will result in a significant shortfall in global funding for climate initiatives.",5,Positive
Is coff-999 a lie?,https://www.reddit.com/r/climatechange/comments/1j94l0w/is_coff999_a_lie/,The title questions the truthfulness of coff-999.,2,Negative
Solar adds more new capacity to the US grid in 2024 than any energy source in 20 years,https://www.reddit.com/r/climatechange/comments/1j8s33w/solar_adds_more_new_capacity_to_the_us_grid_in/,Solar power is expected to contribute more new capacity to the US electricity grid in 2024 than any other energy source has in the past two decades.,6,Positive
"Besides reaching net zero, could we go carbon negative? And would that save us?",https://www.reddit.com/r/climatechange/comments/1j93767/besides_reaching_net_zero_could_we_go_carbon/,This title explores the possibility of achieving carbon negativity in addition to reaching net zero emissions and questions whether this could benefit society.,1,Negative
Significance of tool that will compare rainfall reanalysis datasets.,https://www.reddit.com/r/climatechange/comments/1j8q485/significance_of_tool_that_will_compare_rainfall/,The importance of a tool for comparing rainfall reanalysis datasets.,3,Negative
How many more species will we let disappear? Extinctions will accelerate rapidly if global temperatures continue to rise. Cutting emissions has to come first.,https://www.reddit.com/r/climatechange/comments/1j61sdg/how_many_more_species_will_we_let_disappear/,The title discusses the acceleration of extinctions due to rising global temperatures and emphasizes the need to prioritize cutting emissions to prevent further species loss.,4,Positive
NG to H2 peaker plants,https://www.reddit.com/r/climatechange/comments/1j8f2aq/ng_to_h2_peaker_plants/,The title likely discusses the conversion of natural gas (NG) power plants to hydrogen (H2) peaker plants.,3,Negative
is the world ever getting colder?,https://www.reddit.com/r/climatechange/comments/1j8ex5k/is_the_world_ever_getting_colder/,The title questions whether global temperatures are decreasing over time.,2,Negative
What's a good way to approach a conversation with someone who is skeptical of the scientific community?,https://www.reddit.com/r/climatechange/comments/1j8es58/whats_a_good_way_to_approach_a_conversation_with/,Tips for engaging with skeptics of the scientific community in conversations.,2,Positive
Cologne gets Europe's largest river water heat pump,https://www.reddit.com/r/climatechange/comments/1j8696c/cologne_gets_europes_largest_river_water_heat_pump/,Cologne installs Europe's largest river water heat pump.,3,Negative
Terrifying NASA map shows major California cities set to be underwater soon,https://www.reddit.com/r/climatechange/comments/1j76xos/terrifying_nasa_map_shows_major_california_cities/,A NASA map predicts that major cities in California will soon be underwater.,3,Negative
my roommate refuses to compost,https://www.reddit.com/r/climatechange/comments/1j86jbr/my_roommate_refuses_to_compost/,The title indicates that the author's roommate is unwilling to participate in composting.,2,Negative
Cost-cutting measure: US embassies no longer publish air quality data,https://www.reddit.com/r/climatechange/comments/1j4ptmx/costcutting_measure_us_embassies_no_longer/,US embassies have decided to stop publishing information on air quality as a way to reduce costs.,3,Negative
"Are we actually making progress on climate change, or are we just fooling ourselves?",https://www.reddit.com/r/climatechange/comments/1j7wsf3/are_we_actually_making_progress_on_climate_change/,The title questions whether progress is truly being made on climate change or if it is merely an illusion.,5,Negative
New Study Says Climate Change Could Be The Unexpected Satellite Killer,https://www.reddit.com/r/climatechange/comments/1j86bnn/new_study_says_climate_change_could_be_the/,A recent study suggests that climate change may pose a threat to satellites by causing unexpected damage.,10,Positive
Carbon neutral by 2029? It’s not a pipe dream for this Danish town,https://www.reddit.com/r/climatechange/comments/1j7z1bq/carbon_neutral_by_2029_its_not_a_pipe_dream_for/,"A Danish town aims to achieve carbon neutrality by 2029, demonstrating that it is a realistic goal rather than a far-fetched aspiration.",2,Negative
Supreme Court Rules the Clean Water Act Doesn’t Actually Require That Water Be Clean,https://www.reddit.com/r/climatechange/comments/1j3wjmm/supreme_court_rules_the_clean_water_act_doesnt/,The Supreme Court has ruled that the Clean Water Act does not explicitly mandate that water must be clean.,2,Positive
"New study — The ability of our planet's plants and soils to absorb CO2 peaked in 2008, has been falling ever since, and now is declining by 0.25% per year — Atmospheric concentrations will rise more rapidly than previously, in proportion to annual CO2 emissions, accelerating climate change",https://www.reddit.com/r/climatechange/comments/1j3ykq5/new_study_the_ability_of_our_planets_plants_and/,"A study shows that the capacity of plants and soils to absorb CO2 peaked in 2008, has been decreasing since then by 0.25% annually. This decline will lead to faster increases in atmospheric CO2 levels, contributing to accelerated climate change.",10,Positive
Germany - Electric cars: charging infrastructure continues to grow strongly,https://www.reddit.com/r/climatechange/comments/1j3wfj4/germany_electric_cars_charging_infrastructure/,The title highlights the significant growth of charging infrastructure for electric cars in Germany.,3,Positive
"""The Reckoning:"" Many excellent articles about the Trump administration's impact on climate change policy, research, staffing, and data; e.g., national forests may be decimated",https://www.reddit.com/r/climatechange/comments/1j56qs0/the_reckoning_many_excellent_articles_about_the/,"""The Reckoning"" discusses the Trump administration's influence on climate change policy, research, staffing, and data, highlighting the potential negative impact on national forests.",10,Positive
AMOC collapse question,https://www.reddit.com/r/climatechange/comments/1j7w26n/amoc_collapse_question/,This title suggests a discussion or inquiry about the potential collapse of the Atlantic Meridional Overturning Circulation (AMOC).,3,Negative
Study: World's Strongest Ocean Current Will Slow 20% by 2050,https://www.reddit.com/r/climatechange/comments/1j3qmj2/study_worlds_strongest_ocean_current_will_slow_20/,A study predicts that the world's strongest ocean current will decrease by 20% by the year 2050.,3,Negative
Can someone tell me whether Australia is getting hotter or is it just me?,https://www.reddit.com/r/climatechange/comments/1j77n6g/can_someone_tell_me_whether_australia_is_getting/,The title asks whether Australia is experiencing increasing temperatures or if it is just a personal perception.,3,Negative
“Cool” years are now hotter than the “warm” years of the past: tracking global temperatures through El Niño and La Niña,https://www.reddit.com/r/climatechange/comments/1j355l3/cool_years_are_now_hotter_than_the_warm_years_of/,"Global temperatures during recent ""cool"" years are now higher than temperatures during past ""warm"" years, as tracked through the phenomena of El Niño and La Niña.",2,Positive
Microplastic Pollution Is Messing with Photosynthesis in Plants | Scientific American,https://www.reddit.com/r/climatechange/comments/1j8e1iu/microplastic_pollution_is_messing_with/,"The title suggests that microplastic pollution is impacting the process of photosynthesis in plants, according to Scientific American.",2,Negative
State Department suspends reporting air quality levels staff and families relied on overseas - CBS News,https://www.reddit.com/r/climatechange/comments/1j7cwfl/state_department_suspends_reporting_air_quality/,The State Department has halted the reporting of air quality levels that staff and their families used to rely on while living abroad.,1,Negative
We already geoengineer—we just do it poorly,https://www.reddit.com/r/climatechange/comments/1j32trr/we_already_geoengineerwe_just_do_it_poorly/,"The title suggests that human activities already involve geoengineering, but it is not being done effectively.",2,Negative
"A tiny island country is selling citizenship for $105,000 to save itself from rising seas",https://www.reddit.com/r/climatechange/comments/1j5k0c9/a_tiny_island_country_is_selling_citizenship_for/,"A small island nation is offering citizenship for sale at $105,000 in order to raise funds to combat the threat of rising sea levels.",2,Negative
Why do some people not believe in climate change?,https://www.reddit.com/r/climatechange/comments/1j2wt42/why_do_some_people_not_believe_in_climate_change/,Exploring reasons behind disbelief in climate change.,6,Negative
Significance of tool that will compare rainfall reanalysis datasets.,https://www.reddit.com/r/climatechange/comments/1j8q485/significance_of_tool_that_will_compare_rainfall/,The title discusses the importance of a tool that can compare different sets of data on rainfall patterns.,3,Negative
How many more species will we let disappear? Extinctions will accelerate rapidly if global temperatures continue to rise. Cutting emissions has to come first.,https://www.reddit.com/r/climatechange/comments/1j61sdg/how_many_more_species_will_we_let_disappear/,The title emphasizes the urgency of preventing species extinction by reducing emissions to mitigate the acceleration of extinctions due to rising global temperatures.,4,Positive
NG to H2 peaker plants,https://www.reddit.com/r/climatechange/comments/1j8f2aq/ng_to_h2_peaker_plants/,The title refers to the conversion of natural gas (NG) power plants to hydrogen (H2) peaker plants.,1,Negative
is the world ever getting colder?,https://www.reddit.com/r/climatechange/comments/1j8ex5k/is_the_world_ever_getting_colder/,The title questions whether the world is experiencing a trend towards decreasing temperatures.,1,Negative
What's a good way to approach a conversation with someone who is skeptical of the scientific community?,https://www.reddit.com/r/climatechange/comments/1j8es58/whats_a_good_way_to_approach_a_conversation_with/,The title discusses strategies on how to effectively engage in a conversation with individuals who are skeptical of the scientific community.,3,Positive
Cologne gets Europe's largest river water heat pump,https://www.reddit.com/r/climatechange/comments/1j8696c/cologne_gets_europes_largest_river_water_heat_pump/,Cologne installs Europe's largest river water heat pump.,1,Negative
Terrifying NASA map shows major California cities set to be underwater soon,https://www.reddit.com/r/climatechange/comments/1j76xos/terrifying_nasa_map_shows_major_california_cities/,A NASA map predicts that major cities in California will be underwater in the near future.,3,Negative
my roommate refuses to compost,https://www.reddit.com/r/climatechange/comments/1j86jbr/my_roommate_refuses_to_compost/,The title discusses a situation where a roommate is unwilling to compost.,3,Negative
Cost-cutting measure: US embassies no longer publish air quality data,https://www.reddit.com/r/climatechange/comments/1j4ptmx/costcutting_measure_us_embassies_no_longer/,US embassies have stopped publishing air quality data as a cost-cutting measure.,3,Negative
"Are we actually making progress on climate change, or are we just fooling ourselves?",https://www.reddit.com/r/climatechange/comments/1j7wsf3/are_we_actually_making_progress_on_climate_change/,The title questions whether progress is truly being made on climate change or if it is merely an illusion.,6,Negative
New Study Says Climate Change Could Be The Unexpected Satellite Killer,https://www.reddit.com/r/climatechange/comments/1j86bnn/new_study_says_climate_change_could_be_the/,A new study suggests that climate change may pose a threat to satellites by causing unexpected issues.,10,Positive
Carbon neutral by 2029? It’s not a pipe dream for this Danish town,https://www.reddit.com/r/climatechange/comments/1j7z1bq/carbon_neutral_by_2029_its_not_a_pipe_dream_for/,"A Danish town aims to achieve carbon neutrality by 2029, demonstrating that this goal is achievable rather than a far-fetched idea.",1,Negative
Supreme Court Rules the Clean Water Act Doesn’t Actually Require That Water Be Clean,https://www.reddit.com/r/climatechange/comments/1j3wjmm/supreme_court_rules_the_clean_water_act_doesnt/,The Supreme Court decided that the Clean Water Act does not mandate that water must be clean.,1,Positive
"New study — The ability of our planet's plants and soils to absorb CO2 peaked in 2008, has been falling ever since, and now is declining by 0.25% per year — Atmospheric concentrations will rise more rapidly than previously, in proportion to annual CO2 emissions, accelerating climate change",https://www.reddit.com/r/climatechange/comments/1j3ykq5/new_study_the_ability_of_our_planets_plants_and/,"A new study shows that the Earth's plants and soils have been decreasing their ability to absorb CO2 since 2008, with a decline of 0.25% per year. This decline means that atmospheric CO2 concentrations will rise more quickly in response to annual emissions, potentially accelerating climate change.",8,Positive
Germany - Electric cars: charging infrastructure continues to grow strongly,https://www.reddit.com/r/climatechange/comments/1j3wfj4/germany_electric_cars_charging_infrastructure/,Germany's electric car charging infrastructure is seeing significant growth.,3,Positive
"""The Reckoning:"" Many excellent articles about the Trump administration's impact on climate change policy, research, staffing, and data; e.g., national forests may be decimated",https://www.reddit.com/r/climatechange/comments/1j56qs0/the_reckoning_many_excellent_articles_about_the/,"""The Reckoning"" contains numerous articles detailing the Trump administration's effects on climate change policy, research, staffing, and data, including potential devastation to national forests.",9,Positive
AMOC collapse question,https://www.reddit.com/r/climatechange/comments/1j7w26n/amoc_collapse_question/,The title refers to a potential collapse of the Atlantic Meridional Overturning Circulation (AMOC) and poses a question about this phenomenon.,3,Negative
Study: World's Strongest Ocean Current Will Slow 20% by 2050,https://www.reddit.com/r/climatechange/comments/1j3qmj2/study_worlds_strongest_ocean_current_will_slow_20/,A study predicts a 20% slowdown in the world's strongest ocean current by 2050.,3,Negative
Can someone tell me whether Australia is getting hotter or is it just me?,https://www.reddit.com/r/climatechange/comments/1j77n6g/can_someone_tell_me_whether_australia_is_getting/,The title suggests that the author is wondering if Australia is experiencing an increase in temperature or if it is just their personal perception.,1,Negative
“Cool” years are now hotter than the “warm” years of the past: tracking global temperatures through El Niño and La Niña,https://www.reddit.com/r/climatechange/comments/1j355l3/cool_years_are_now_hotter_than_the_warm_years_of/,"The title discusses how recent ""cool"" years are experiencing higher temperatures compared to past ""warm"" years, and examines this trend by monitoring global temperatures during El Niño and La Niña events.",3,Positive
Microplastic Pollution Is Messing with Photosynthesis in Plants | Scientific American,https://www.reddit.com/r/climatechange/comments/1j8e1iu/microplastic_pollution_is_messing_with/,The title discusses the impact of microplastic pollution on photosynthesis in plants.,1,Negative
State Department suspends reporting air quality levels staff and families relied on overseas - CBS News,https://www.reddit.com/r/climatechange/comments/1j7cwfl/state_department_suspends_reporting_air_quality/,"The State Department suspends reporting air quality levels for staff and families abroad, which they relied on for information.",3,Negative
"More NOAA Employees May Be Let Go, Making 20% of Staff Cut",https://www.reddit.com/r/climatechange/comments/1j7t00l/more_noaa_employees_may_be_let_go_making_20_of/,"The title discusses the possibility of more NOAA employees being laid off, resulting in a reduction of 20% of the staff.",2,Positive
Reaching Net Zero Is Getting Cheaper in the UK,https://www.reddit.com/r/climatechange/comments/1j0hnol/reaching_net_zero_is_getting_cheaper_in_the_uk/,The cost of reaching net zero emissions in the UK is decreasing.,2,Negative
"Cloud-seeding effort focuses on Front Range, eastern Colorado rivers",https://www.reddit.com/r/climatechange/comments/1j2oqg5/cloudseeding_effort_focuses_on_front_range/,Cloud-seeding efforts are being concentrated on the Front Range and rivers in eastern Colorado.,2,Negative
This Danish renewables developer sold its largest US solar farm,https://www.reddit.com/r/climatechange/comments/1istupl/this_danish_renewables_developer_sold_its_largest/,A Danish renewable energy company has sold its biggest solar farm in the United States.,6,Negative
"73% of people in US think global warming is happening. 60% understand it is mostly human-caused. 56% say extreme weather poses a risk to their community over next 10 years. (Climate Change in the American Mind: Beliefs & Attitudes, Fall 2024.)",https://www.reddit.com/r/climatechange/comments/1iq4lv1/73_of_people_in_us_think_global_warming_is/,"This title summarizes survey findings on American attitudes towards climate change, showing that 73% believe global warming is happening, 60% recognize it is mostly human-caused, and 56% feel extreme weather poses a risk to their community in the next 10 years.",10,Positive
Am I wrong about ocean algae?,https://www.reddit.com/r/climatechange/comments/1ipekuz/am_i_wrong_about_ocean_algae/,Questioning the accuracy of knowledge or beliefs regarding ocean algae.,2,Negative
"World Likely to Breach 1.5-Degree Target, Research Finds",https://www.reddit.com/r/climatechange/comments/1imz1ma/world_likely_to_breach_15degree_target_research/,Research suggests that the world is expected to exceed the 1.5-degree temperature target.,2,Negative
